{"cameraMode":{"drawMode":0,"name":"Shaded","section":"Shading Mode"},"sceneLighting":true,"audioPlay":false,"sceneViewState":{"showFog":true,"showMaterialUpdate":false,"showSkybox":true,"showFlares":true,"showImageEffects":true,"showParticleSystems":true},"in2DMode":false,"pivot":{"x":3.7647058963775636,"y":-4.164001941680908,"z":-6.132666110992432},"rotation":{"x":0.09439387172460556,"y":0.9030668139457703,"z":-0.2627813220024109,"w":0.32723286747932436},"size":6.18647575378418,"orthographic":false}