{"cameraMode":{"drawMode":0,"name":"Shaded","section":"Shading Mode"},"sceneLighting":true,"audioPlay":false,"sceneViewState":{"showFog":true,"showMaterialUpdate":false,"showSkybox":true,"showFlares":true,"showImageEffects":true,"showParticleSystems":true},"in2DMode":false,"pivot":{"x":3.588937759399414,"y":-3.7940940856933595,"z":13.635641098022461},"rotation":{"x":0.13566854596138,"y":0.1329537034034729,"z":-0.01914151944220066,"w":0.9819340705871582},"size":9.142327308654786,"orthographic":false}