{"cameraMode":{"drawMode":0,"name":"Shaded","section":"Shading Mode"},"sceneLighting":true,"audioPlay":false,"sceneViewState":{"showFog":true,"showMaterialUpdate":false,"showSkybox":true,"showFlares":true,"showImageEffects":true,"showParticleSystems":true},"in2DMode":false,"pivot":{"x":-0.009958017617464066,"y":1.2229866981506348,"z":0.2123556137084961},"rotation":{"x":0.35970941185951235,"y":0.1251784861087799,"z":-0.048653412610292438,"w":0.9235472679138184},"size":1.0421717166900635,"orthographic":false}