{"cameraMode":{"drawMode":0,"name":"Shaded","section":"Shading Mode"},"sceneLighting":true,"audioPlay":false,"sceneViewState":{"showFog":true,"showMaterialUpdate":false,"showSkybox":true,"showFlares":true,"showImageEffects":true,"showParticleSystems":true},"in2DMode":false,"pivot":{"x":-0.08200216293334961,"y":0.40512722730636599,"z":0.09804058074951172},"rotation":{"x":0.0998799279332161,"y":-0.36034372448921206,"z":0.038964129984378818,"w":0.9268341660499573},"size":1.0421717166900635,"orthographic":false}