{"cameraMode":{"drawMode":0,"name":"Shaded","section":"Shading Mode"},"sceneLighting":true,"audioPlay":false,"sceneViewState":{"showFog":true,"showMaterialUpdate":false,"showSkybox":true,"showFlares":true,"showImageEffects":true,"showParticleSystems":true},"in2DMode":false,"pivot":{"x":-0.13519549369812013,"y":0.5715346336364746,"z":0.5185778141021729},"rotation":{"x":0.05947037786245346,"y":0.2151261270046234,"z":-0.012984683737158776,"w":0.9748755693435669},"size":1.0421717166900635,"orthographic":false}