{"cameraMode":{"drawMode":0,"name":"Shaded","section":"Shading Mode"},"sceneLighting":true,"audioPlay":false,"sceneViewState":{"showFog":true,"showMaterialUpdate":false,"showSkybox":true,"showFlares":true,"showImageEffects":true,"showParticleSystems":true},"in2DMode":false,"pivot":{"x":-86.7060546875,"y":5.7401838302612309,"z":80.17655181884766},"rotation":{"x":0.021144377067685128,"y":0.4030856490135193,"z":0.009311470203101635,"w":-0.9150137305259705},"size":61.779396057128909,"orthographic":false}