{"cameraMode":{"drawMode":0,"name":"Shaded","section":"Shading Mode"},"sceneLighting":true,"audioPlay":false,"sceneViewState":{"showFog":true,"showMaterialUpdate":false,"showSkybox":true,"showFlares":true,"showImageEffects":true,"showParticleSystems":true},"in2DMode":false,"pivot":{"x":-0.04193372651934624,"y":-2.6218349933624269,"z":-4.223900318145752},"rotation":{"x":-0.0014441157691180707,"y":-0.9678092002868652,"z":0.2516615092754364,"w":-0.0055181593634188179},"size":4.506840705871582,"orthographic":false}