{"cameraMode":{"drawMode":0,"name":"Shaded","section":"Shading Mode"},"sceneLighting":true,"audioPlay":false,"sceneViewState":{"showFog":true,"showMaterialUpdate":false,"showSkybox":true,"showFlares":true,"showImageEffects":true,"showParticleSystems":true},"in2DMode":false,"pivot":{"x":-0.5465991497039795,"y":-0.5958895683288574,"z":4.094175815582275},"rotation":{"x":0.0936354398727417,"y":-0.05255254730582237,"z":0.005129033699631691,"w":0.994376540184021},"size":3.2566986083984377,"orthographic":false}