{"cameraMode":{"drawMode":0,"name":"Shaded","section":"Shading Mode"},"sceneLighting":true,"audioPlay":false,"sceneViewState":{"showFog":true,"showMaterialUpdate":false,"showSkybox":true,"showFlares":true,"showImageEffects":true,"showParticleSystems":true},"in2DMode":false,"pivot":{"x":-74.95758056640625,"y":24.971237182617189,"z":147.65692138671876},"rotation":{"x":0.1390637457370758,"y":0.09167350083589554,"z":0.013035380281507969,"w":-0.9861525893211365},"size":158.68348693847657,"orthographic":false}